TRUNCATE challenge;

INSERT INTO challenge (tag, description, start_date, voting_open_date, end_date) VALUES ("TwPhCh001", "Rødt", "2009-05-08 18:00", "2009-05-15 18:00", "2009-05-17 21:00"),
("TwPhCh002", "Mat", "2009-05-15 18:00", "2009-05-22 18:00", "2009-05-24 21:00"),
("TwPhCh003", "Rundt", "2009-05-22 18:00", "2009-05-29 18:00", "2009-05-31 21:00"),
("TwPhCh004",
"De 4 elementer: Jord, Vann, Vind, Brann", "2009-05-29 18:00", "2009-06-05 18:00", "2009-06-07 21:00"),
("TwPhCh005", "Gatelangs", "2009-06-05 18:00", "2009-06-12 18:00", "2009-06-14 21:00"),
("TwPhCh006", "Bevegelse", "2009-06-12 18:00", "2009-06-19 18:00", "2009-06-21 21:00"),
("TwPhCh007", "Kontraster", "2009-06-19 18:00", "2009-06-26 18:00", "2009-06-28 21:00"),
("TwPhCh008", "Tid", "2009-06-26 18:00", "2009-07-03 18:00", "2009-07-05 21:00"),
("TwPhCh009", "Ferie", "2009-07-03 18:00", "2009-07-10 18:00", "2009-07-12 21:00"),
("TwPhCh010", "Silhuett", "2009-07-10 18:00", "2009-07-17 18:00", "2009-07-19 21:00"),
("TwPhCh011", "Dyr", "2009-07-17 18:00", "2009-07-24 18:00", "2009-07-26 21:00");

UPDATE challenge SET version = 0;

TRUNCATE photographer;


INSERT INTO photographer (flickr_id, administrator, fullname, token, username) VALUES
('10020498@N08', '\0', 'Pål Joakim Olsen', NULL, 'paljoakim'),
('10666952@N06', '\0', NULL, NULL, 'SuperEirik'),
('11131280@N00', '\0', NULL, NULL, 'fjords'),
('11383955@N06', '\0', 'Eivind Barstad Waaler', NULL, 'eivindw'),
('13245830@N07', '\0', 'Gard Rimestad', NULL, 'gardleopard'),
('13424591@N00', '\0', 'Børge Barlindhaug', '72157621188905842-64d4f73a6163c377', 'gastronauten'),
('14268503@N04', '\0', NULL, NULL, 'Takras'),
('14731875@N00', '\0', NULL, NULL, 'ninanord'),
('15032006@N00', '\0', 'Lars Petter Larsen', NULL, 'sjokoko'),
('17189956@N00', '\0', 'Yngvar Johnsen', NULL, 'Yngvar'),
('17853411@N00', '\0', 'Atle Grimsby', NULL, 'atgrims'),
('21706038@N00', '\0', 'Ronny-André Bendiksen', NULL, 'ronny-andre'),
('22786627@N04', '\0', 'Erlend Schei', NULL, 'nerdegutt'),
('23417026@N05', '\0', NULL, NULL, 'nobodysawme'),
('23874626@N06', '\0', 'Espen Klem', NULL, 'Espen Klem'),
('25694151@N02', '\0', 'Yngve Levinsen', NULL, 'Yngve I. Levinsen'),
('26238811@N00', '\0', 'Ole-Martin Mørk', NULL, 'olemartin'),
('26819925@N03', '\0', NULL, NULL, 'L.ine'),
('27039050@N07', '\0', NULL, NULL, 'Bjørn Bergheim'),
('27418706@N04', '\0', 'Marius Røstad', NULL, '_portart'),
('27858782@N02', '\0', NULL, NULL, 'runelyngaas'),
('28002906@N02', '\0', 'Carsten Pihl', NULL, 'carstenhp'),
('28745942@N05', '\0', 'Jo Christian Oterhals', NULL, 'jcoterhals'),
('29752247@N08', '\0', 'Stig Morten Waage', NULL, 'stigwaage'),
('29883767@N08', '\0', NULL, NULL, 'andorand'),
('30149360@N06', '\0', NULL, NULL, 'Vimsejenta'),
('30496535@N02', '\0', 'Fredrik Olastuen', NULL, 'Olastuen'),
('30799937@N04', '\0', NULL, NULL, 'tbg78'),
('32724045@N05', '\0', 'Ole Martin Buene', NULL, 'oolem'),
('33423638@N04', '\0', 'Eyvind A. Larre', NULL, '.larre'),
('35465382@N00', '\0', 'Anders Nygaard', NULL, 'Anders Nygaard'),
('35748277@N08', '\0', 'Öyvind Sviland', NULL, 'sviland'),
('35937920@N04', '\0', 'Bjørn-Tore Almås', NULL, 'Bjørn-Tore'),
('36169054@N07', '\0', 'Trond Gjerde', NULL, 'Trond Gjerde'),
('36193408@N02', '\0', 'Marius Børresen', NULL, 'Marius Børresen'),
('36602246@N00', '\0', NULL, NULL, 'Eirik Helland Urke'),
('36746390@N02', '\0', 'Ida Aalen', NULL, 'Ida Aalen'),
('37127809@N04', '\0', 'Cathrine Darre', NULL, 'vipspips'),
('37318693@N04', '\0', NULL, NULL, 'Chris-Håvard Berge'),
('37350639@N04', '\0', 'Fredrik Bølstad', NULL, 'iFredrik'),
('37528417@N07', '\0', 'Astrid Tvedt', NULL, 'Astrid Tvedt'),
('38165768@N07', '\0', 'Elise Løvoll', NULL, 'Minneapolise'),
('38409860@N04', '\0', 'Borghild Hjellestad', NULL, 'boa''s'),
('38443473@N06', '\0', 'Håkon Høgetveit', NULL, 'hakonh'),
('38449977@N06', '\0', NULL, NULL, 'Gjona'),
('38558130@N03', '\0', 'Petter Haugen', NULL, 'Macrolensfan'),
('38632628@N02', '\0', NULL, NULL, 'nordseth'),
('38642494@N03', '\0', NULL, NULL, 'haavarkr'),
('38663790@N04', '\0', 'Marius Waldal', NULL, 'mariusw'),
('38797684@N05', '\0', 'Veronica', NULL, 'Velectronica'),
('38814849@N06', '\0', 'Andre Folkedal', NULL, 'andrefolkedal'),
('39040590@N05', '\0', 'Gjermund Brabrand', NULL, 'gjella'),
('39248861@N00', '\0', 'Bendik Heiberg', NULL, 'pixelcollector'),
('39432554@N04', '\0', 'Bente', NULL, 'Fotoglede'),
('40021607@N00', '\0', 'Marcus Ramberg', NULL, 'Marcus Ramberg'),
('40487223@N00', '\0', 'Stian A. Giltvedt', NULL, 'Stian A. Giltvedt'),
('41485178@N00', '\0', 'Vegard Iglebæk', NULL, 'Vegardig'),
('43389395@N00', '\0', NULL, NULL, 'Tzoid'),
('43462692@N00', '\0', 'Alexander Christoffersen', NULL, 'Alexander C.'),
('45601016@N00', '\0', NULL, NULL, 'Per Sistens'),
('47402349@N00', '\0', 'Eirik Solheim', NULL, 'eirikso'),
('50318116@N00', '\0', 'Helge', NULL, 'Helge Carlsen'),
('51035758759@N01', '\0', 'Elisabeth Bjone', NULL, 'evbjone'),
('58847947@N00', '\0', 'Morten Nygaard Åsnes', NULL, 'mortenaa'),
('64369541@N00', '\0', NULL, NULL, 'fmmr'),
('65279339@N00', '\0', NULL, NULL, 'trondjs'),
('65685448@N00', '\0', 'Christian Mohn', NULL, 'h0bbel'),
('65685797@N00', '\0', 'Oddne Rasmussen', NULL, 'Oddne Rasmussen'),
('66301511@N00', '\0', 'Eivind M.', NULL, 'Eivind M.'),
('70942170@N00', '\0', NULL, NULL, 'hanne_st'),
('72588939@N00', '\0', 'Eirik Stridsklev Nilsen', NULL, 'eiriksnilsen'),
('74567628@N00', '\0', 'Kaia Helene Holmgren', NULL, 'jippikaia'),
('75971327@N00', '\0', 'Andreas Rødland', NULL, 'arodland'),
('79457539@N00', '\0', NULL, NULL, 'Hjorthefoto'),
('8272397@N07', '\0', 'Chris Searle', NULL, 'Chris Searle'),
('8547696@N04', '\0', NULL, NULL, 'deeskotee'),
('86436126@N00', '\0', 'Anders Hoff', NULL, 'Boy With Nails in his Eyes'),
('89242035@N00', '\0', 'Ram Yoga', NULL, 'ramyo'),
('91147804@N00', '\0', 'Øystein', NULL, 'I''m Flickring'),
('9168553@N05', '\0', 'Morten Prom', NULL, 'mortenprom'),
('92286274@N00', '\0', NULL, NULL, 'Øystein Sanne Photography'),
('93313386@N00', '\0', 'Bernt-Inge Madsen', NULL, 'Bernt-Inge'),
('93933954@N00', '\0', 'Leif Knutsen', NULL, 'leifern'),
('95911518@N00', '\0', 'Kristian', NULL, 'vatne'),
('95997259@N00', '\0', 'Ben Kulleseid', NULL, 'benrune'),
('9933345@N05', '\0', NULL, NULL, 'iacob'),
('99753969@N00', '\0', 'Michael Nielsen', NULL, 'Ruprect.DK');

UPDATE photographer SET version = 0;

TRUNCATE image;

INSERT INTO image (flickr_id, medium_image, page, title, photographer_flickr_id, challenge_tag, final_vote_count) VALUES
('3494281144', 'http://farm4.static.flickr.com/3652/3494281144_6f0ba74060.jpg', 'http://www.flickr.com/photos/oddne/3494281144/', '5D_IMG_5566', '65685797@N00', 'TwPhCh001', 5),
('3526461577', 'http://farm3.static.flickr.com/2105/3526461577_c62d30fd45.jpg', 'http://www.flickr.com/photos/per_sistens/3526461577/', 'Glass & stripes', '45601016@N00', 'TwPhCh001', 1),
('3527551293', 'http://farm3.static.flickr.com/2359/3527551293_83cbfda16e.jpg', 'http://www.flickr.com/photos/mortenprom/3527551293/', 'Directions', '9168553@N05', 'TwPhCh001', 14),
('3528325343', 'http://farm3.static.flickr.com/2274/3528325343_92a50146cf.jpg', 'http://www.flickr.com/photos/36193408@N02/3528325343/', 'Blomst', '36193408@N02', 'TwPhCh001', 0),
('3528776857', 'http://farm4.static.flickr.com/3571/3528776857_25fc85362e.jpg', 'http://www.flickr.com/photos/sjokoko/3528776857/', 'Crane in Red Sunset', '15032006@N00', 'TwPhCh001', 20),
('3529031477', 'http://farm3.static.flickr.com/2150/3529031477_ec79da8598.jpg', 'http://www.flickr.com/photos/helgefar/3529031477/', 'Rose', '50318116@N00', 'TwPhCh001', 9),
('3529583372', 'http://farm4.static.flickr.com/3333/3529583372_301ca1272c.jpg', 'http://www.flickr.com/photos/gastronauten/3529583372/', 'Red...', '13424591@N00', 'TwPhCh001', 47),
('3530165662', 'http://farm3.static.flickr.com/2406/3530165662_d6cc597439.jpg', 'http://www.flickr.com/photos/ifredrik/3530165662/', 'Red water', '37350639@N04', 'TwPhCh001', 6),
('3530936365', 'http://farm3.static.flickr.com/2012/3530936365_6348ebb100.jpg', 'http://www.flickr.com/photos/trondgjerde/3530936365/', 'Norwegian Constitution Day', '36169054@N07', 'TwPhCh001', 0),
('3531015741', 'http://farm3.static.flickr.com/2339/3531015741_1b4bed2937.jpg', 'http://www.flickr.com/photos/79457539@N00/3531015741/', 'rør', '79457539@N00', 'TwPhCh001', 12),
('3531051752', 'http://farm4.static.flickr.com/3066/3531051752_854f11e2f7.jpg', 'http://www.flickr.com/photos/nerdegutt/3531051752/', 'Cornered by Nikon 17-35!', '22786627@N04', 'TwPhCh001', 16),
('3531064383', 'http://farm3.static.flickr.com/2153/3531064383_73bb505534.jpg', 'http://www.flickr.com/photos/vipspips/3531064383/', 'Bil i trehjulsykkel', '37127809@N04', 'TwPhCh001', 4),
('3531168289', 'http://farm4.static.flickr.com/3543/3531168289_3aff186e0c.jpg', 'http://www.flickr.com/photos/marcusramberg/3531168289/', 'Selective red', '40021607@N00', 'TwPhCh001', 1),
('3531824906', 'http://farm4.static.flickr.com/3591/3531824906_36e93652c7.jpg', 'http://www.flickr.com/photos/h0bbel/3531824906/', 'Sith Beheadings (#134/365)', '65685448@N00', 'TwPhCh001', 6),
('3531911794', 'http://farm3.static.flickr.com/2221/3531911794_8cb5ab61f8.jpg', 'http://www.flickr.com/photos/38409860@N04/3531911794/', 'Liljebille', '38409860@N04', 'TwPhCh001', 0),
('3531933802', 'http://farm3.static.flickr.com/2466/3531933802_4bd6f88364.jpg', 'http://www.flickr.com/photos/chrissearle/3531933802/', 'Stop/Go', '8272397@N07', 'TwPhCh001', 1),
('3531992138', 'http://farm3.static.flickr.com/2263/3531992138_725c0419a9.jpg', 'http://www.flickr.com/photos/olastuen/3531992138/', 'IMG_2501', '30496535@N02', 'TwPhCh001', 0),
('3532373107', 'http://farm3.static.flickr.com/2216/3532373107_95cde7abdc.jpg', 'http://www.flickr.com/photos/fmmr/3532373107/', 'Flagg i tre', '64369541@N00', 'TwPhCh001', 1),
('3532442897', 'http://farm3.static.flickr.com/2423/3532442897_0f8bd3639e.jpg', 'http://www.flickr.com/photos/eklem/3532442897/', 'Inngjerdet graffiti', '23874626@N06', 'TwPhCh001', 7),
('3532466700', 'http://farm4.static.flickr.com/3389/3532466700_a881a574b3.jpg', 'http://www.flickr.com/photos/christoffersen/3532466700/', 'Pantone 186 C', '43462692@N00', 'TwPhCh001', 6),
('3532915835', 'http://farm3.static.flickr.com/2086/3532915835_23981615e6.jpg', 'http://www.flickr.com/photos/eirikurke/3532915835/', 'Rødt', '36602246@N00', 'TwPhCh001', 10),
('3533119681', 'http://farm3.static.flickr.com/2284/3533119681_69756d4351.jpg', 'http://www.flickr.com/photos/andersnygaard/3533119681/', 'Rød', '35465382@N00', 'TwPhCh001', 1),
('3533139855', 'http://farm3.static.flickr.com/2174/3533139855_7fb9627934.jpg', 'http://www.flickr.com/photos/xagits/3533139855/', 'Digg saft til delig sommervær', '40487223@N00', 'TwPhCh001', 0),
('3533157722', 'http://farm4.static.flickr.com/3664/3533157722_fbe51d153a.jpg', 'http://www.flickr.com/photos/58847947@N00/3533157722/', 'Red on blue', '58847947@N00', 'TwPhCh001', 4),
('3533546482', 'http://farm4.static.flickr.com/3404/3533546482_83cdb8b7e4.jpg', 'http://www.flickr.com/photos/iacob/3533546482/', '911', '9933345@N05', 'TwPhCh001', 1),
('3533624926', 'http://farm3.static.flickr.com/2281/3533624926_b2aaeb962e.jpg', 'http://www.flickr.com/photos/38449977@N06/3533624926/', 'heartwindow', '38449977@N06', 'TwPhCh001', 0),
('3533729312', 'http://farm4.static.flickr.com/3347/3533729312_5a4b9ddb34.jpg', 'http://www.flickr.com/photos/ronnyandre/3533729312/', 'Twitter Photochallenge #1: Red', '21706038@N00', 'TwPhCh001', 2),
('3534686523', 'http://farm4.static.flickr.com/3408/3534686523_ee82ae8f02.jpg', 'http://www.flickr.com/photos/79457539@N00/3534686523/', 'laks', '79457539@N00', 'TwPhCh002', 0),
('3536566144', 'http://farm3.static.flickr.com/2001/3536566144_d29847c6f4.jpg', 'http://www.flickr.com/photos/oter/3536566144/', 'Backlit Strawberries (pic #9 in my self imposed strobist challenge series)', '28745942@N05', 'TwPhCh002', 3),
('3538477002', 'http://farm3.static.flickr.com/2398/3538477002_1e857f0272.jpg', 'http://www.flickr.com/photos/fmmr/3538477002/', 'Gupubollene ruler!', '64369541@N00', 'TwPhCh002', 1),
('3539100966', 'http://farm4.static.flickr.com/3399/3539100966_d876288ed9.jpg', 'http://www.flickr.com/photos/vyer/3539100966/', 'Syttende mai pålegg', '93933954@N00', 'TwPhCh002', 4),
('3541455813', 'http://farm4.static.flickr.com/3407/3541455813_d496c5d12e.jpg', 'http://www.flickr.com/photos/helgefar/3541455813/', 'Pizza før og etter', '50318116@N00', 'TwPhCh002', 0),
('3542526640', 'http://farm4.static.flickr.com/3345/3542526640_507ac43730.jpg', 'http://www.flickr.com/photos/nerdegutt/3542526640/', 'Overflod', '22786627@N04', 'TwPhCh002', 3),
('3543112385', 'http://farm3.static.flickr.com/2259/3543112385_dc7560c805.jpg', 'http://www.flickr.com/photos/trondgjerde/3543112385/', 'Pasta', '36169054@N07', 'TwPhCh002', 10),
('3543491118', 'http://farm3.static.flickr.com/2045/3543491118_91b45023e7.jpg', 'http://www.flickr.com/photos/iacob/3543491118/', 'Thelma and Louise', '9933345@N05', 'TwPhCh002', 21),
('3543700934', 'http://farm3.static.flickr.com/2448/3543700934_e1e60bdcac.jpg', 'http://www.flickr.com/photos/eklem/3543700934/', 'Sort gull', '23874626@N06', 'TwPhCh002', 11),
('3544862743', 'http://farm3.static.flickr.com/2333/3544862743_385bda0e92.jpg', 'http://www.flickr.com/photos/lb1gb/3544862743/', 'Rema 1000', '27039050@N07', 'TwPhCh002', 2),
('3545260198', 'http://farm4.static.flickr.com/3642/3545260198_8a79cca507.jpg', 'http://www.flickr.com/photos/27858782@N02/3545260198/', 'Vannmelon', '27858782@N02', 'TwPhCh002', 9),
('3545936891', 'http://farm4.static.flickr.com/3387/3545936891_319c2f9d07.jpg', 'http://www.flickr.com/photos/andersnygaard/3545936891/', 'Pickled Eggs', '35465382@N00', 'TwPhCh002', 0),
('3546061533', 'http://farm4.static.flickr.com/3537/3546061533_54c545a1f2.jpg', 'http://www.flickr.com/photos/stigwaage/3546061533/', 'M&Ms?', '29752247@N08', 'TwPhCh002', 0),
('3546588929', 'http://farm4.static.flickr.com/3610/3546588929_225855e876.jpg', 'http://www.flickr.com/photos/eirikso/3546588929/', 'Halvfullt', '47402349@N00', 'TwPhCh002', 7),
('3546844750', 'http://farm4.static.flickr.com/3352/3546844750_8072d08ca7.jpg', 'http://www.flickr.com/photos/27418706@N04/3546844750/', 'Choices, choices, choices', '27418706@N04', 'TwPhCh002', 4),
('3548694181', 'http://farm3.static.flickr.com/2441/3548694181_1a55c6d729.jpg', 'http://www.flickr.com/photos/idaaalen/3548694181/', 'Mat.', '36746390@N02', 'TwPhCh002', 4),
('3548842719', 'http://farm4.static.flickr.com/3652/3548842719_7af2e54b66.jpg', 'http://www.flickr.com/photos/frosk/3548842719/', 'Pause.', '66301511@N00', 'TwPhCh002', 0),
('3549006921', 'http://farm4.static.flickr.com/3553/3549006921_b7043118af.jpg', 'http://www.flickr.com/photos/vimsejenta/3549006921/', 'Chocolate heart', '30149360@N06', 'TwPhCh002', 0),
('3549154287', 'http://farm3.static.flickr.com/2438/3549154287_dc8b448a0b.jpg', 'http://www.flickr.com/photos/eiriksnilsen/3549154287/', '_MG_2356', '72588939@N00', 'TwPhCh002', 0),
('3549351217', 'http://farm4.static.flickr.com/3541/3549351217_cb9cf620ac.jpg', 'http://www.flickr.com/photos/h0bbel/3549351217/', 'Splash of Lemon (v2)', '65685448@N00', 'TwPhCh002', 33),
('3549607554', 'http://farm4.static.flickr.com/3331/3549607554_f91b9936ac.jpg', 'http://www.flickr.com/photos/shall_be_lifted/3549607554/', 'Har bare til salt i maten 2', '86436126@N00', 'TwPhCh002', 10),
('3551104623', 'http://farm3.static.flickr.com/2439/3551104623_e11b5a44dd.jpg', 'http://www.flickr.com/photos/oddne/3551104623/', 'Grill...', '65685797@N00', 'TwPhCh002', 1),
('3551473212', 'http://farm4.static.flickr.com/3330/3551473212_4f70040499.jpg', 'http://www.flickr.com/photos/deeskotee/3551473212/', 'Lord Eggalot', '8547696@N04', 'TwPhCh002', 51),
('3551678597', 'http://farm4.static.flickr.com/3340/3551678597_62bfa1b552.jpg', 'http://www.flickr.com/photos/sjokoko/3551678597/', 'Stars and Shrimps', '15032006@N00', 'TwPhCh002', 7),
('3551884765', 'http://farm4.static.flickr.com/3380/3551884765_39385b3c1f.jpg', 'http://www.flickr.com/photos/bjorn-tore/3551884765/', 'Smooties', '35937920@N04', 'TwPhCh002', 16),
('3551902731', 'http://farm4.static.flickr.com/3024/3551902731_f7995dc86b.jpg', 'http://www.flickr.com/photos/13245830@N07/3551902731/', 'Agurk', '13245830@N07', 'TwPhCh002', 5),
('3552097599', 'http://farm4.static.flickr.com/3341/3552097599_70785cbbb9.jpg', 'http://www.flickr.com/photos/70942170@N00/3552097599/', 'fennikel', '70942170@N00', 'TwPhCh002', 0),
('3552475394', 'http://farm3.static.flickr.com/2428/3552475394_81ed9f54fd.jpg', 'http://www.flickr.com/photos/58847947@N00/3552475394/', 'Tid for te og kake', '58847947@N00', 'TwPhCh002', 2),
('3552714934', 'http://farm4.static.flickr.com/3409/3552714934_41689dfaab.jpg', 'http://www.flickr.com/photos/chrissearle/3552714934/', 't ≈ s', '8272397@N07', 'TwPhCh002', 0),
('3552726210', 'http://farm3.static.flickr.com/2444/3552726210_f4741a0b42.jpg', 'http://www.flickr.com/photos/vipspips/3552726210/', 'Nam løk æsj løk 2', '37127809@N04', 'TwPhCh002', 21),
('3553016565', 'http://farm4.static.flickr.com/3582/3553016565_de8d8f058b.jpg', 'http://www.flickr.com/photos/mortenprom/3553016565/', 'Sushi Natural', '9168553@N05', 'TwPhCh002', 34),
('3553157049', 'http://farm4.static.flickr.com/3409/3553157049_9fc769c2d0.jpg', 'http://www.flickr.com/photos/38663790@N04/3553157049/', 'Epleskrott', '38663790@N04', 'TwPhCh002', 6),
('3553244727', 'http://farm4.static.flickr.com/3333/3553244727_1f97bea688.jpg', 'http://www.flickr.com/photos/per_sistens/3553244727/', 'Cravin'' for more', '45601016@N00', 'TwPhCh002', 0),
('3553802326', 'http://farm4.static.flickr.com/3351/3553802326_aa8f3d87b6.jpg', 'http://www.flickr.com/photos/nordseth/3553802326/', 'Kandisert Fiol', '38632628@N02', 'TwPhCh002', 0),
('3553934124', 'http://farm3.static.flickr.com/2436/3553934124_2a89e6bdce.jpg', 'http://www.flickr.com/photos/gastronauten/3553934124/', 'Velkommen...', '13424591@N00', 'TwPhCh002', 3),
('3554071378', 'http://farm3.static.flickr.com/2450/3554071378_8e221fd837.jpg', 'http://www.flickr.com/photos/paljoakim/3554071378/', 'To gode kompiser', '10020498@N08', 'TwPhCh002', 0),
('3554188554', 'http://farm4.static.flickr.com/3578/3554188554_fce754a5f0.jpg', 'http://www.flickr.com/photos/supereirik/3554188554/', 'Inside the new airfilter.', '10666952@N06', 'TwPhCh003', 30),
('3554386284', 'http://farm4.static.flickr.com/3310/3554386284_fe8a3b28d1.jpg', 'http://www.flickr.com/photos/ifredrik/3554386284/', '#TwPhCh i bokstavkjeks v2', '37350639@N04', 'TwPhCh002', 0),
('3554450586', 'http://farm4.static.flickr.com/3660/3554450586_aab8b506ab.jpg', 'http://www.flickr.com/photos/xagits/3554450586/', 'Frokost', '40487223@N00', 'TwPhCh002', 8),
('3556302853', 'http://farm4.static.flickr.com/3336/3556302853_fede042cfd.jpg', 'http://www.flickr.com/photos/58847947@N00/3556302853/', 'Nikon 50mm (front)', '58847947@N00', 'TwPhCh003', 0),
('3557626840', 'http://farm3.static.flickr.com/2484/3557626840_175c892b4d.jpg', 'http://www.flickr.com/photos/vipspips/3557626840/', 'Diabolo, spinner rundt og rundt', '37127809@N04', 'TwPhCh003', 16),
('3558387125', 'http://farm3.static.flickr.com/2474/3558387125_43c5af4a51.jpg', 'http://www.flickr.com/photos/hakonh/3558387125/', 'Spiral v2', '38443473@N06', 'TwPhCh003', 5),
('3559200161', 'http://farm4.static.flickr.com/3414/3559200161_3220c980d7.jpg', 'http://www.flickr.com/photos/nerdegutt/3559200161/', 'Salto', '22786627@N04', 'TwPhCh003', 13),
('3560102435', 'http://farm4.static.flickr.com/3606/3560102435_95b9442079.jpg', 'http://www.flickr.com/photos/gastronauten/3560102435/', 'This is my world...', '13424591@N00', 'TwPhCh003', 4),
('3560158658', 'http://farm4.static.flickr.com/3340/3560158658_8c0a25d47a.jpg', 'http://www.flickr.com/photos/eirikurke/3560158658/', 'Rundt', '36602246@N00', 'TwPhCh003', 7),
('3562639188', 'http://farm4.static.flickr.com/3553/3562639188_dec47857a6.jpg', 'http://www.flickr.com/photos/stigwaage/3562639188/', 'Ringer', '29752247@N08', 'TwPhCh003', 5),
('3563154055', 'http://farm4.static.flickr.com/3598/3563154055_6eef3fd771.jpg', 'http://www.flickr.com/photos/oter/3563154055/', 'Marriage', '28745942@N05', 'TwPhCh003', 23),
('3563265289', 'http://farm4.static.flickr.com/3369/3563265289_1b777fe738.jpg', 'http://www.flickr.com/photos/olemartin/3563265289/', 'Round and round', '26238811@N00', 'TwPhCh003', 7),
('3563720929', 'http://farm4.static.flickr.com/3369/3563720929_85f562e1ef.jpg', 'http://www.flickr.com/photos/helgefar/3563720929/', 'Guitar', '50318116@N00', 'TwPhCh003', 0),
('3563915214', 'http://farm3.static.flickr.com/2472/3563915214_ac87e41b32.jpg', 'http://www.flickr.com/photos/idaaalen/3563915214/', 'Rundt 1.', '36746390@N02', 'TwPhCh003', 23),
('3564140342', 'http://farm4.static.flickr.com/3359/3564140342_15d8a803a6.jpg', 'http://www.flickr.com/photos/sjokoko/3564140342/', 'Blue Bulb', '15032006@N00', 'TwPhCh003', 5),
('3565636469', 'http://farm4.static.flickr.com/3304/3565636469_c5434aac1a.jpg', 'http://www.flickr.com/photos/13245830@N07/3565636469/', 'Vardåsen', '13245830@N07', 'TwPhCh003', 7),
('3566491881', 'http://farm4.static.flickr.com/3381/3566491881_8e205f9884.jpg', 'http://www.flickr.com/photos/vimsejenta/3566491881/', 'Bamboo', '30149360@N06', 'TwPhCh003', 1),
('3566905501', 'http://farm4.static.flickr.com/3655/3566905501_c2193f601b.jpg', 'http://www.flickr.com/photos/ljantz1/3566905501/', 'After the rain 2', '43389395@N00', 'TwPhCh003', 25),
('3567144309', 'http://farm3.static.flickr.com/2426/3567144309_1f0e3a2764.jpg', 'http://www.flickr.com/photos/70942170@N00/3567144309/', 'circle_1', '70942170@N00', 'TwPhCh003', 1),
('3567232807', 'http://farm3.static.flickr.com/2478/3567232807_9170c5b2af.jpg', 'http://www.flickr.com/photos/h0bbel/3567232807/', 'One Drop of Blue (#146/365)', '65685448@N00', 'TwPhCh003', 18),
('3567279343', 'http://farm4.static.flickr.com/3334/3567279343_9a8fc13bee.jpg', 'http://www.flickr.com/photos/chrissearle/3567279343/', 'Blue', '8272397@N07', 'TwPhCh003', 2),
('3567607717', 'http://farm4.static.flickr.com/3644/3567607717_c0764596a8.jpg', 'http://www.flickr.com/photos/deeskotee/3567607717/', 'Kjærligheten rundt deg', '8547696@N04', 'TwPhCh003', 8),
('3567858366', 'http://farm4.static.flickr.com/3325/3567858366_dd1f8597ef.jpg', 'http://www.flickr.com/photos/andrefolkedal/3567858366/', 'Følelsene rundt meg', '38814849@N06', 'TwPhCh003', 5),
('3568539056', 'http://farm4.static.flickr.com/3377/3568539056_e7a6ee7937.jpg', 'http://www.flickr.com/photos/fmmr/3568539056/', 'The Universe & Us...', '64369541@N00', 'TwPhCh003', 9),
('3569282867', 'http://farm4.static.flickr.com/3387/3569282867_cd46fcc124.jpg', 'http://www.flickr.com/photos/17853411@N00/3569282867/', 'Jeg henger på noe rundt, snart flyr jeg rundt omkring!', '17853411@N00', 'TwPhCh003', 11),
('3571078976', 'http://farm4.static.flickr.com/3581/3571078976_b20edf91d4.jpg', 'http://www.flickr.com/photos/lb1gb/3571078976/', 'Original Blue', '27039050@N07', 'TwPhCh003', 8),
('3571395098', 'http://farm3.static.flickr.com/2423/3571395098_ac49c34f40.jpg', 'http://www.flickr.com/photos/carstenhp/3571395098/', 'Og det går rundt og rundt...', '28002906@N02', 'TwPhCh003', 4),
('3571578188', 'http://farm4.static.flickr.com/3632/3571578188_54bd55b36e.jpg', 'http://www.flickr.com/photos/eklem/3571578188/', 'Polygonpunktet', '23874626@N06', 'TwPhCh003', 1),
('3572804638', 'http://farm3.static.flickr.com/2421/3572804638_206fbb0885.jpg', 'http://www.flickr.com/photos/andersnygaard/3572804638/', 'Rescue', '35465382@N00', 'TwPhCh003', 3),
('3572809566', 'http://farm4.static.flickr.com/3369/3572809566_23a73f03fc.jpg', 'http://www.flickr.com/photos/trondgjerde/3572809566/', 'Banorange Color', '36169054@N07', 'TwPhCh003', 6),
('3572920323', 'http://farm4.static.flickr.com/3385/3572920323_a23cc7f4c6.jpg', 'http://www.flickr.com/photos/75971327@N00/3572920323/', 'Ond sirkel', '75971327@N00', 'TwPhCh003', 1),
('3573311522', 'http://farm3.static.flickr.com/2473/3573311522_edbcbf1d14.jpg', 'http://www.flickr.com/photos/74567628@N00/3573311522/', 'view', '74567628@N00', 'TwPhCh003', 0),
('3573472159', 'http://farm4.static.flickr.com/3307/3573472159_73b6cfe488.jpg', 'http://www.flickr.com/photos/olastuen/3573472159/', 'Gauges', '30496535@N02', 'TwPhCh003', 2),
('3573693033', 'http://farm4.static.flickr.com/3635/3573693033_4105ea97e1.jpg', 'http://www.flickr.com/photos/grybadeengel/3573693033/', 'Grønn rundt', '23417026@N05', 'TwPhCh003', 2),
('3573791793', 'http://farm4.static.flickr.com/3597/3573791793_83880d1a8a.jpg', 'http://www.flickr.com/photos/mortenprom/3573791793/', 'Round Lines', '9168553@N05', 'TwPhCh003', 6),
('3574856883', 'http://farm3.static.flickr.com/2425/3574856883_f62cbf82d4.jpg', 'http://www.flickr.com/photos/38558130@N03/3574856883/', 'Blue mood arising', '38558130@N03', 'TwPhCh003', 8),
('3574892313', 'http://farm3.static.flickr.com/2342/3574892313_679d869e17.jpg', 'http://www.flickr.com/photos/frosk/3574892313/', 'Rundt', '66301511@N00', 'TwPhCh003', 5),
('3574948769', 'http://farm4.static.flickr.com/3637/3574948769_ef6d7126fd.jpg', 'http://www.flickr.com/photos/36193408@N02/3574948769/', 'BASS ', '36193408@N02', 'TwPhCh003', 1),
('3575446183', 'http://farm4.static.flickr.com/3625/3575446183_8629c0a570.jpg', 'http://www.flickr.com/photos/heiberg/3575446183/', 'Round Reflections', '39248861@N00', 'TwPhCh003', 7),
('3575583551', 'http://farm4.static.flickr.com/3390/3575583551_eea41cac5e.jpg', 'http://www.flickr.com/photos/xagits/3575583551/', 'Skyer som flyter rundt', '40487223@N00', 'TwPhCh003', 1),
('3575598045', 'http://farm4.static.flickr.com/3639/3575598045_697673dcdf.jpg', 'http://www.flickr.com/photos/ronnyandre/3575598045/', 'You spin me round', '21706038@N00', 'TwPhCh003', 0),
('3575605039', 'http://farm4.static.flickr.com/3403/3575605039_e6b946017a.jpg', 'http://www.flickr.com/photos/ifredrik/3575605039/', 'Tornado the Devil', '37350639@N04', 'TwPhCh003', 7),
('3575699056', 'http://farm4.static.flickr.com/3346/3575699056_70b6d74897.jpg', 'http://www.flickr.com/photos/38663790@N04/3575699056/', 'Kaffe', '38663790@N04', 'TwPhCh003', 1),
('3576016696', 'http://farm4.static.flickr.com/3613/3576016696_93bdac6c46.jpg', 'http://www.flickr.com/photos/27858782@N02/3576016696/', 'Fly me too the moon', '27858782@N02', 'TwPhCh003', 2),
('3578312674', 'http://farm3.static.flickr.com/2469/3578312674_03fa3a851b.jpg', 'http://www.flickr.com/photos/mortenprom/3578312674/', 'Light My Fire', '9168553@N05', 'TwPhCh004', 12),
('3579033546', 'http://farm4.static.flickr.com/3635/3579033546_46b720a57b.jpg', 'http://www.flickr.com/photos/eirikurke/3579033546/', 'De fire elementene', '36602246@N00', 'TwPhCh004', 6),
('3582415586', 'http://farm4.static.flickr.com/3356/3582415586_351d6522a0.jpg', 'http://www.flickr.com/photos/30799937@N04/3582415586/', 'Snart sommer <3', '30799937@N04', 'TwPhCh004', 8),
('3582507409', 'http://farm4.static.flickr.com/3560/3582507409_6148e4cae1.jpg', 'http://www.flickr.com/photos/trondjs/3582507409/', 'Water Dissolving, Water Removing...', '65279339@N00', 'TwPhCh004', 8),
('3582764216', 'http://farm4.static.flickr.com/3655/3582764216_60c7c25d49.jpg', 'http://www.flickr.com/photos/13245830@N07/3582764216/', 'Rakettmotor i vann', '13245830@N07', 'TwPhCh004', 2),
('3584415133', 'http://farm3.static.flickr.com/2468/3584415133_a4122ab7b9.jpg', 'http://www.flickr.com/photos/nerdegutt/3584415133/', 'Ugress på langtur', '22786627@N04', 'TwPhCh004', 20),
('3586230922', 'http://farm4.static.flickr.com/3602/3586230922_66af4c77a6.jpg', 'http://www.flickr.com/photos/chberge/3586230922/', 'Birds into the sunset', '37318693@N04', 'TwPhCh004', 9),
('3586263133', 'http://farm4.static.flickr.com/3381/3586263133_f490cf32ae.jpg', 'http://www.flickr.com/photos/andorand/3586263133/', '7''ern', '29883767@N08', 'TwPhCh004', 0),
('3587038466', 'http://farm4.static.flickr.com/3640/3587038466_dcb5520885.jpg', 'http://www.flickr.com/photos/ramyoga/3587038466/', 'Want to go for a Swim?', '89242035@N00', 'TwPhCh004', 16),
('3587069538', 'http://farm4.static.flickr.com/3330/3587069538_da2ff2c7f9.jpg', 'http://www.flickr.com/photos/linerosvoll/3587069538/', 'sjø', '26819925@N03', 'TwPhCh004', 1),
('3588510814', 'http://farm4.static.flickr.com/3612/3588510814_d7616bacd8.jpg', 'http://www.flickr.com/photos/79457539@N00/3588510814/', 'Whisky and water', '79457539@N00', 'TwPhCh004', 6),
('3588689094', 'http://farm3.static.flickr.com/2458/3588689094_3e88cfa016.jpg', 'http://www.flickr.com/photos/eivindw/3588689094/', 'Etter solnedgang/After sunset', '11383955@N06', 'TwPhCh004', 21),
('3588817799', 'http://farm3.static.flickr.com/2454/3588817799_11b43af0a7.jpg', 'http://www.flickr.com/photos/trondgjerde/3588817799/', 'Elements', '36169054@N07', 'TwPhCh004', 8),
('3589003881', 'http://farm4.static.flickr.com/3368/3589003881_305b241c41.jpg', 'http://www.flickr.com/photos/haavarkr/3589003881/', 'Glowing tree', '38642494@N03', 'TwPhCh004', 4),
('3590396152', 'http://farm4.static.flickr.com/3610/3590396152_087c825b61.jpg', 'http://www.flickr.com/photos/oter/3590396152/', 'Shallow Grave', '28745942@N05', 'TwPhCh004', 18),
('3591811199', 'http://farm4.static.flickr.com/3298/3591811199_1f5417d5d1.jpg', 'http://www.flickr.com/photos/vimsejenta/3591811199/', 'Ild, jord, vann og luft', '30149360@N06', 'TwPhCh004', 11),
('3592007516', 'http://farm4.static.flickr.com/3383/3592007516_441a9205e0.jpg', 'http://www.flickr.com/photos/andersnygaard/3592007516/', 'På Vingene', '35465382@N00', 'TwPhCh004', 20),
('3593003599', 'http://farm4.static.flickr.com/3355/3593003599_f4f4df39ce.jpg', 'http://www.flickr.com/photos/fmmr/3593003599/', '12 grader', '64369541@N00', 'TwPhCh004', 1),
('3593298908', 'http://farm3.static.flickr.com/2474/3593298908_97f6f58a8a.jpg', 'http://www.flickr.com/photos/vipspips/3593298908/', 'Vind i håret', '37127809@N04', 'TwPhCh004', 15),
('3595369229', 'http://farm4.static.flickr.com/3310/3595369229_78ca47b7b1.jpg', 'http://www.flickr.com/photos/lb1gb/3595369229/', 'Blue fjord', '27039050@N07', 'TwPhCh004', 0),
('3595541021', 'http://farm4.static.flickr.com/3377/3595541021_5cec5e6421.jpg', 'http://www.flickr.com/photos/elarre/3595541021/', 'Raindrops on protected wood', '33423638@N04', 'TwPhCh004', 7),
('3595798369', 'http://farm4.static.flickr.com/3334/3595798369_aa3b29ae08.jpg', 'http://www.flickr.com/photos/stigwaage/3595798369/', 'Minielv', '29752247@N08', 'TwPhCh004', 7),
('3595855753', 'http://farm4.static.flickr.com/3554/3595855753_b098252099.jpg', 'http://www.flickr.com/photos/minnea/3595855753/', 'Stalkerplanten', '38165768@N07', 'TwPhCh004', 2),
('3596347792', 'http://farm3.static.flickr.com/2225/3596347792_508c74446d.jpg', 'http://www.flickr.com/photos/sjokoko/3596347792/', 'Fire Snake ate the Wind', '15032006@N00', 'TwPhCh004', 9),
('3596633106', 'http://farm3.static.flickr.com/2443/3596633106_30abd72690.jpg', 'http://www.flickr.com/photos/38558130@N03/3596633106/', 'Siste elementer', '38558130@N03', 'TwPhCh004', 3),
('3596660681', 'http://farm4.static.flickr.com/3303/3596660681_d6120eb4ed.jpg', 'http://www.flickr.com/photos/gjella/3596660681/', 'Øyeblikk', '39040590@N05', 'TwPhCh004', 2),
('3597514069', 'http://farm3.static.flickr.com/2472/3597514069_b7d922c780.jpg', 'http://www.flickr.com/photos/heiberg/3597514069/', 'Beer', '39248861@N00', 'TwPhCh004', 1),
('3602229818', 'http://farm4.static.flickr.com/3622/3602229818_0dde9fd856.jpg', 'http://www.flickr.com/photos/minnea/3602229818/', 'Gatelangs i regnet', '38165768@N07', 'TwPhCh005', 19),
('3603748285', 'http://farm4.static.flickr.com/3169/3603748285_1d1eda9a0a.jpg', 'http://www.flickr.com/photos/25694151@N02/3603748285/', 'Cruising', '25694151@N02', 'TwPhCh005', 2),
('3604152377', 'http://farm3.static.flickr.com/2456/3604152377_a1ea8304ed.jpg', 'http://www.flickr.com/photos/h0bbel/3604152377/', 'Art Imitates Life (B&W Edt.)', '65685448@N00', 'TwPhCh005', 14),
('3604165321', 'http://farm4.static.flickr.com/3647/3604165321_a05488e679.jpg', 'http://www.flickr.com/photos/30799937@N04/3604165321/', '', '30799937@N04', 'TwPhCh005', 1),
('3604903542', 'http://farm3.static.flickr.com/2429/3604903542_da377e1450.jpg', 'http://www.flickr.com/photos/olemartin/3604903542/', 'Søren Snartemo på Rally Aurskog-Høland 2009', '26238811@N00', 'TwPhCh005', 2),
('3606748311', 'http://farm4.static.flickr.com/3400/3606748311_1f92f06886.jpg', 'http://www.flickr.com/photos/carstenhp/3606748311/', 'Stay on these roads', '28002906@N02', 'TwPhCh005', 1),
('3607938176', 'http://farm3.static.flickr.com/2476/3607938176_78515826cb.jpg', 'http://www.flickr.com/photos/fmmr/3607938176/', 'Underground', '64369541@N00', 'TwPhCh005', 15),
('3611171265', 'http://farm3.static.flickr.com/2481/3611171265_14daf3e3c2.jpg', 'http://www.flickr.com/photos/eivindw/3611171265/', 'Løvetann-vanneren', '11383955@N06', 'TwPhCh005', 16),
('3611236535', 'http://farm4.static.flickr.com/3653/3611236535_8f967b9dea.jpg', 'http://www.flickr.com/photos/oter/3611236535/', 'Strangers in the night', '28745942@N05', 'TwPhCh005', 14),
('3611491715', 'http://farm3.static.flickr.com/2473/3611491715_fc1f784c30.jpg', 'http://www.flickr.com/photos/mortenprom/3611491715/', 'My Street', '9168553@N05', 'TwPhCh005', 8),
('3612194768', 'http://farm4.static.flickr.com/3354/3612194768_6ac3d337b3.jpg', 'http://www.flickr.com/photos/13245830@N07/3612194768/', 'Gatelangs i Vollenveien', '13245830@N07', 'TwPhCh005', 11),
('3614883510', 'http://farm4.static.flickr.com/3371/3614883510_9251067f32.jpg', 'http://www.flickr.com/photos/lb1gb/3614883510/', 'Sky cruiser', '27039050@N07', 'TwPhCh005', 3),
('3615170914', 'http://farm4.static.flickr.com/3633/3615170914_b18bfb5909.jpg', 'http://www.flickr.com/photos/gjella/3615170914/', 'Fri flyt', '39040590@N05', 'TwPhCh005', 19),
('3616151983', 'http://farm4.static.flickr.com/3345/3616151983_21d9c68f8a.jpg', 'http://www.flickr.com/photos/eklem/3616151983/', 'Badebakken bussholdeplass', '23874626@N06', 'TwPhCh005', 1),
('3616269193', 'http://farm4.static.flickr.com/3320/3616269193_d1f2b57bab.jpg', 'http://www.flickr.com/photos/vimsejenta/3616269193/', 'Hidden cage by the road', '30149360@N06', 'TwPhCh005', 2),
('3616358106', 'http://farm4.static.flickr.com/3653/3616358106_a6f0770975.jpg', 'http://www.flickr.com/photos/velectronica/3616358106/', 'Bruhodet v2', '38797684@N05', 'TwPhCh005', 5),
('3616733559', 'http://farm4.static.flickr.com/3565/3616733559_f59a65796b.jpg', 'http://www.flickr.com/photos/79457539@N00/3616733559/', 'Blomster gatelangs', '79457539@N00', 'TwPhCh005', 3),
('3616808187', 'http://farm4.static.flickr.com/3374/3616808187_d73dc6c0ff.jpg', 'http://www.flickr.com/photos/vipspips/3616808187/', 'Fort deg da!2', '37127809@N04', 'TwPhCh005', 4),
('3616873005', 'http://farm3.static.flickr.com/2430/3616873005_07eb87354a.jpg', 'http://www.flickr.com/photos/38663790@N04/3616873005/', 'Himmelspeil', '38663790@N04', 'TwPhCh005', 1),
('3617257204', 'http://farm4.static.flickr.com/3317/3617257204_dd3ccd42e4.jpg', 'http://www.flickr.com/photos/bjorn-tore/3617257204/', 'Gatelangs ?', '35937920@N04', 'TwPhCh005', 3),
('3617326026', 'http://farm4.static.flickr.com/3378/3617326026_311d954990.jpg', 'http://www.flickr.com/photos/chberge/3617326026/', '#TwPhCh 005 - Gatelangs', '37318693@N04', 'TwPhCh005', 2),
('3617758750', 'http://farm4.static.flickr.com/3301/3617758750_f6a67ef489.jpg', 'http://www.flickr.com/photos/sviland/3617758750/', 'gate32', '35748277@N08', 'TwPhCh005', 10),
('3617780628', 'http://farm4.static.flickr.com/3662/3617780628_eaa928c44b.jpg', 'http://www.flickr.com/photos/nordseth/3617780628/', 'Tjuvholmen', '38632628@N02', 'TwPhCh005', 0),
('3618029394', 'http://farm4.static.flickr.com/3629/3618029394_5c222987b0.jpg', 'http://www.flickr.com/photos/andersnygaard/3618029394/', 'På vei ned Schweigaardsgate, for å gå å mate duene...', '35465382@N00', 'TwPhCh005', 4),
('3618114110', 'http://farm4.static.flickr.com/3634/3618114110_7f90605022.jpg', 'http://www.flickr.com/photos/nerdegutt/3618114110/', 'Gatelangs på kvelden (crop 2)', '22786627@N04', 'TwPhCh005', 5),
('3618341471', 'http://farm4.static.flickr.com/3327/3618341471_c4a2210970.jpg', 'http://www.flickr.com/photos/per_sistens/3618341471/', 'Pedestrian down', '45601016@N00', 'TwPhCh005', 6),
('3618569357', 'http://farm4.static.flickr.com/3308/3618569357_2a4c026e9c.jpg', 'http://www.flickr.com/photos/takras/3618569357/', 'Varoddbroa Panorama', '14268503@N04', 'TwPhCh005', 0),
('3618718301', 'http://farm4.static.flickr.com/3362/3618718301_bcc2f638b7.jpg', 'http://www.flickr.com/photos/stigwaage/3618718301/', 'Langsmed rekkverket', '29752247@N08', 'TwPhCh005', 8),
('3618820331', 'http://farm4.static.flickr.com/3299/3618820331_916fdacbdc.jpg', 'http://www.flickr.com/photos/ludolf71/3618820331/', 'Muren', '95997259@N00', 'TwPhCh005', 2),
('3618991273', 'http://farm4.static.flickr.com/3383/3618991273_f88566f319.jpg', 'http://www.flickr.com/photos/vatne/3618991273/', 'Vannpytt på kumlokk', '95911518@N00', 'TwPhCh005', 4),
('3619046851', 'http://farm4.static.flickr.com/3364/3619046851_9b16737011.jpg', 'http://www.flickr.com/photos/38558130@N03/3619046851/', 'Gammelt skilt', '38558130@N03', 'TwPhCh005', 0),
('3619078825', 'http://farm4.static.flickr.com/3300/3619078825_172b7bf7f8.jpg', 'http://www.flickr.com/photos/trondgjerde/3619078825/', 'along the street', '36169054@N07', 'TwPhCh005', 11),
('3619549386', 'http://farm3.static.flickr.com/2470/3619549386_b5cc4d4a92.jpg', 'http://www.flickr.com/photos/27858782@N02/3619549386/', 'Road to H0bbel', '27858782@N02', 'TwPhCh005', 4),
('3625290585', 'http://farm4.static.flickr.com/3607/3625290585_1a2fef699f.jpg', 'http://www.flickr.com/photos/trondjs/3625290585/', 'Champions!', '65279339@N00', 'TwPhCh006', 1),
('3625418515', 'http://farm3.static.flickr.com/2464/3625418515_cf819fa4eb.jpg', 'http://www.flickr.com/photos/heiberg/3625418515/', 'Running', '39248861@N00', 'TwPhCh006', 2),
('3625689423', 'http://farm4.static.flickr.com/3302/3625689423_8b34aa5b5e.jpg', 'http://www.flickr.com/photos/58847947@N00/3625689423/', 'Hassan i nærkamp', '58847947@N00', 'TwPhCh006', 1),
('3625987111', 'http://farm3.static.flickr.com/2442/3625987111_88b0666b2a.jpg', 'http://www.flickr.com/photos/vatne/3625987111/', 'Dans på t-banestasjonen', '95911518@N00', 'TwPhCh006', 3),
('3626106242', 'http://farm3.static.flickr.com/2425/3626106242_3cf6305e5a.jpg', 'http://www.flickr.com/photos/vipspips/3626106242/', 'Busy bee and lazy fly', '37127809@N04', 'TwPhCh006', 1),
('3626162191', 'http://farm4.static.flickr.com/3317/3626162191_83ba6fe4e1.jpg', 'http://www.flickr.com/photos/38558130@N03/3626162191/', 'UNAWARE', '38558130@N03', 'TwPhCh006', 11),
('3626226652', 'http://farm3.static.flickr.com/2422/3626226652_2d197d2488.jpg', 'http://www.flickr.com/photos/70942170@N00/3626226652/', 'glede', '70942170@N00', 'TwPhCh006', 2),
('3628300756', 'http://farm4.static.flickr.com/3629/3628300756_50ae82e94a.jpg', 'http://www.flickr.com/photos/eivindw/3628300756/', 'Byggeklosser', '11383955@N06', 'TwPhCh006', 1),
('3628723229', 'http://farm3.static.flickr.com/2444/3628723229_98af67d711.jpg', 'http://www.flickr.com/photos/olemartin/3628723229/', 'Et monster klar til angrep', '26238811@N00', 'TwPhCh006', 0),
('3628944303', 'http://farm4.static.flickr.com/3632/3628944303_f2d3c13a81.jpg', 'http://www.flickr.com/photos/nerdegutt/3628944303/', 'Slow train leaving', '22786627@N04', 'TwPhCh006', 17),
('3629312825', 'http://farm3.static.flickr.com/2452/3629312825_df39f83da6.jpg', 'http://www.flickr.com/photos/chberge/3629312825/', 'Flying in a row', '37318693@N04', 'TwPhCh006', 8),
('3629685370', 'http://farm3.static.flickr.com/2441/3629685370_2d833a8cd9.jpg', 'http://www.flickr.com/photos/gjella/3629685370/', 'På rømmen', '39040590@N05', 'TwPhCh006', 13),
('3629755100', 'http://farm4.static.flickr.com/3341/3629755100_4e21cfa1b2.jpg', 'http://www.flickr.com/photos/shall_be_lifted/3629755100/', 'Motion 1', '86436126@N00', 'TwPhCh006', 10),
('3630477158', 'http://farm4.static.flickr.com/3589/3630477158_4bb1a9979a.jpg', 'http://www.flickr.com/photos/trondgjerde/3630477158/', 'Waterdrops in a bucket', '36169054@N07', 'TwPhCh006', 3),
('3632848555', 'http://farm4.static.flickr.com/3645/3632848555_fe691cf821.jpg', 'http://www.flickr.com/photos/yngvar/3632848555/', 'Vannfontenen i Vigelandsparken', '17189956@N00', 'TwPhCh006', 2),
('3633016888', 'http://farm3.static.flickr.com/2326/3633016888_e33b2fa143.jpg', 'http://www.flickr.com/photos/vimsejenta/3633016888/', 'Spinning top', '30149360@N06', 'TwPhCh006', 4),
('3633682640', 'http://farm4.static.flickr.com/3312/3633682640_8de9c16f09.jpg', 'http://www.flickr.com/photos/13245830@N07/3633682640/', 'Sjøstrand', '13245830@N07', 'TwPhCh006', 9),
('3635026413', 'http://farm4.static.flickr.com/3308/3635026413_7fceac7cd2.jpg', 'http://www.flickr.com/photos/fmmr/3635026413/', '911... Ja! 911...', '64369541@N00', 'TwPhCh006', 2),
('3635988917', 'http://farm4.static.flickr.com/3537/3635988917_d7c15b8f1e.jpg', 'http://www.flickr.com/photos/lb1gb/3635988917/', 'To spillere ingen ball', '27039050@N07', 'TwPhCh006', 4),
('3636105267', 'http://farm4.static.flickr.com/3610/3636105267_e2afc43ba1.jpg', 'http://www.flickr.com/photos/fotoglede/3636105267/', 'Fare', '39432554@N04', 'TwPhCh006', 3),
('3636175365', 'http://farm4.static.flickr.com/3328/3636175365_864770b696.jpg', 'http://www.flickr.com/photos/79457539@N00/3636175365/', 'tredje versjon', '79457539@N00', 'TwPhCh006', 1),
('3636931156', 'http://farm4.static.flickr.com/3602/3636931156_1afa2b79a2.jpg', 'http://www.flickr.com/photos/nordseth/3636931156/', 'En buss', '38632628@N02', 'TwPhCh006', 0),
('3637633873', 'http://farm4.static.flickr.com/3319/3637633873_f4e51d52ca.jpg', 'http://www.flickr.com/photos/mortenprom/3637633873/', 'Are You Still Having Fun?', '9168553@N05', 'TwPhCh006', 12),
('3637781535', 'http://farm4.static.flickr.com/3386/3637781535_7fd09fd1a6.jpg', 'http://www.flickr.com/photos/17853411@N00/3637781535/', 'Vaiende sommerblomster på Utsira', '17853411@N00', 'TwPhCh006', 3),
('3639950656', 'http://farm3.static.flickr.com/2472/3639950656_031a156f3f.jpg', 'http://www.flickr.com/photos/oter/3639950656/', 'A midsummernight''s dream', '28745942@N05', 'TwPhCh006', 20),
('3640020529', 'http://farm3.static.flickr.com/2473/3640020529_91007ece2a.jpg', 'http://www.flickr.com/photos/andersnygaard/3640020529/', 'Nydalen', '35465382@N00', 'TwPhCh006', 2),
('3640804187', 'http://farm4.static.flickr.com/3640/3640804187_e9318186f3.jpg', 'http://www.flickr.com/photos/h0bbel/3640804187/', 'Jump! (#169/365)', '65685448@N00', 'TwPhCh006', 0),
('3640914382', 'http://farm4.static.flickr.com/3358/3640914382_7cc1a39bb8.jpg', 'http://www.flickr.com/photos/sviland/3640914382/', 'bevegelse-1-8', '35748277@N08', 'TwPhCh006', 26),
('3640976952', 'http://farm4.static.flickr.com/3406/3640976952_b9b594886b.jpg', 'http://www.flickr.com/photos/eklem/3640976952/', 'Nesoddferga', '23874626@N06', 'TwPhCh006', 8),
('3652334552', 'http://farm4.static.flickr.com/3637/3652334552_e11cf7e39a.jpg', 'http://www.flickr.com/photos/fjords/3652334552/', 'Black man vs white door', '11131280@N00', 'TwPhCh007', 6),
('3653314921', 'http://farm3.static.flickr.com/2455/3653314921_02bf1fda98.jpg', 'http://www.flickr.com/photos/imflickring/3653314921/', 'Rocks and a pond BW', '91147804@N00', 'TwPhCh007', 10),
('3654039977', 'http://farm4.static.flickr.com/3582/3654039977_6423b2eef2.jpg', 'http://www.flickr.com/photos/h0bbel/3654039977/', 'Powerless (#172/365)', '65685448@N00', 'TwPhCh007', 2),
('3654221835', 'http://farm4.static.flickr.com/3539/3654221835_77c5479ff2.jpg', 'http://www.flickr.com/photos/sviland/3654221835/', 'ku-rumpe', '35748277@N08', 'TwPhCh007', 16),
('3654248701', 'http://farm4.static.flickr.com/3382/3654248701_8e90166bc3.jpg', 'http://www.flickr.com/photos/vatne/3654248701/', 'Sjonglering', '95911518@N00', 'TwPhCh007', 2),
('3654891414', 'http://farm3.static.flickr.com/2455/3654891414_a4a3dae010.jpg', 'http://www.flickr.com/photos/oter/3654891414/', 'Eve and Adam 2009', '28745942@N05', 'TwPhCh007', 9),
('3656085137', 'http://farm4.static.flickr.com/3607/3656085137_9df6e27d19.jpg', 'http://www.flickr.com/photos/38663790@N04/3656085137/', 'Color of corrosion', '38663790@N04', 'TwPhCh007', 9),
('3657392105', 'http://farm4.static.flickr.com/3540/3657392105_e7185992dd.jpg', 'http://www.flickr.com/photos/13245830@N07/3657392105/', 'Seagull on the move', '13245830@N07', 'TwPhCh007', 3),
('3657855696', 'http://farm4.static.flickr.com/3549/3657855696_e2a3f6d374.jpg', 'http://www.flickr.com/photos/mortenprom/3657855696/', 'Smooth Temptation', '9168553@N05', 'TwPhCh007', 10),
('3658231376', 'http://farm4.static.flickr.com/3373/3658231376_93750e569f.jpg', 'http://www.flickr.com/photos/nerdegutt/3658231376/', 'Ketchup and mustard', '22786627@N04', 'TwPhCh007', 5),
('3658614296', 'http://farm4.static.flickr.com/3636/3658614296_34237199ab.jpg', 'http://www.flickr.com/photos/shall_be_lifted/3658614296/', 'Contrast 3', '86436126@N00', 'TwPhCh007', 8),
('3659980927', 'http://farm3.static.flickr.com/2480/3659980927_4314256137.jpg', 'http://www.flickr.com/photos/minnea/3659980927/', 'Sorte linjer 3', '38165768@N07', 'TwPhCh007', 10),
('3660840408', 'http://farm4.static.flickr.com/3618/3660840408_8416a33d95.jpg', 'http://www.flickr.com/photos/fotoglede/3660840408/', 'Bær av vinranken', '39432554@N04', 'TwPhCh007', 9),
('3660856984', 'http://farm4.static.flickr.com/3541/3660856984_08d8261819.jpg', 'http://www.flickr.com/photos/eivindw/3660856984/', 'Beer or milk?', '11383955@N06', 'TwPhCh007', 7),
('3661077392', 'http://farm4.static.flickr.com/3658/3661077392_6d41f2dba0.jpg', 'http://www.flickr.com/photos/fmmr/3661077392/', 'Liv & Død', '64369541@N00', 'TwPhCh007', 0),
('3661216098', 'http://farm4.static.flickr.com/3652/3661216098_c6e4bc3e03.jpg', 'http://www.flickr.com/photos/trondgjerde/3661216098/', 'Matches', '36169054@N07', 'TwPhCh007', 18),
('3661355456', 'http://farm4.static.flickr.com/3380/3661355456_c96ccf6958.jpg', 'http://www.flickr.com/photos/38558130@N03/3661355456/', 'white orchid', '38558130@N03', 'TwPhCh007', 6),
('3661710299', 'http://farm3.static.flickr.com/2601/3661710299_53934af946.jpg', 'http://www.flickr.com/photos/eiriksnilsen/3661710299/', 'rock skipping', '72588939@N00', 'TwPhCh007', 1),
('3661711483', 'http://farm4.static.flickr.com/3356/3661711483_b2d3e3a5e8.jpg', 'http://www.flickr.com/photos/elisabislet/3661711483/', 'Lys og skygge', '51035758759@N01', 'TwPhCh007', 4),
('3662535148', 'http://farm4.static.flickr.com/3383/3662535148_fa9f36382a.jpg', 'http://www.flickr.com/photos/andersnygaard/3662535148/', 'Ugress', '35465382@N00', 'TwPhCh007', 10),
('3662809834', 'http://farm4.static.flickr.com/3382/3662809834_3d30fb7119.jpg', 'http://www.flickr.com/photos/eklem/3662809834/', 'Ettermiddagslys', '23874626@N06', 'TwPhCh007', 0),
('3669293154', 'http://farm4.static.flickr.com/3339/3669293154_93029de66e.jpg', 'http://www.flickr.com/photos/13245830@N07/3669293154/', 'Tidevannsbølgen', '13245830@N07', 'TwPhCh008', 9),
('3672582240', 'http://farm4.static.flickr.com/3542/3672582240_bac267c131.jpg', 'http://www.flickr.com/photos/79457539@N00/3672582240/', 'Time waits for no man', '79457539@N00', 'TwPhCh008', 3),
('3672719283', 'http://farm4.static.flickr.com/3538/3672719283_3730bc584e.jpg', 'http://www.flickr.com/photos/imflickring/3672719283/', 'Running out of time', '91147804@N00', 'TwPhCh008', 23),
('3672899882', 'http://farm4.static.flickr.com/3362/3672899882_10a4c54c32.jpg', 'http://www.flickr.com/photos/oter/3672899882/', 'Generations of Me version 2', '28745942@N05', 'TwPhCh008', 4),
('3674895368', 'http://farm3.static.flickr.com/2595/3674895368_ae4d330358.jpg', 'http://www.flickr.com/photos/carstenhp/3674895368/', 'Venting', '28002906@N02', 'TwPhCh008', 11),
('3675502011', 'http://farm4.static.flickr.com/3581/3675502011_533ab30843.jpg', 'http://www.flickr.com/photos/nerdegutt/3675502011/', '6 Divas', '22786627@N04', 'TwPhCh008', 1),
('3676005509', 'http://farm3.static.flickr.com/2581/3676005509_e51f38d87b.jpg', 'http://www.flickr.com/photos/sviland/3676005509/', 'I tiden', '35748277@N08', 'TwPhCh008', 20),
('3676250804', 'http://farm3.static.flickr.com/2529/3676250804_4c4d569ec7.jpg', 'http://www.flickr.com/photos/sjokoko/3676250804/', 'Time Flies', '15032006@N00', 'TwPhCh008', 1),
('3680426139', 'http://farm3.static.flickr.com/2590/3680426139_fc7683617c.jpg', 'http://www.flickr.com/photos/eklem/3680426139/', 'Venter på frokost', '23874626@N06', 'TwPhCh008', 1),
('3681257887', 'http://farm3.static.flickr.com/2615/3681257887_54bbc5eb8e.jpg', 'http://www.flickr.com/photos/velectronica/3681257887/', 'Tiden er inne', '38797684@N05', 'TwPhCh008', 19),
('3681706299', 'http://farm4.static.flickr.com/3624/3681706299_3331ebfcd3.jpg', 'http://www.flickr.com/photos/andersnygaard/3681706299/', '8 Glass', '35465382@N00', 'TwPhCh008', 9),
('3682561068', 'http://farm3.static.flickr.com/2645/3682561068_e8e3697508.jpg', 'http://www.flickr.com/photos/mortenprom/3682561068/', 'Sign ''O'' the Times', '9168553@N05', 'TwPhCh008', 14),
('3682594688', 'http://farm4.static.flickr.com/3626/3682594688_f427fd8fa1.jpg', 'http://www.flickr.com/photos/minnea/3682594688/', 'Over tid', '38165768@N07', 'TwPhCh008', 2),
('3682825810', 'http://farm3.static.flickr.com/2648/3682825810_5e470676b5.jpg', 'http://www.flickr.com/photos/ramyoga/3682825810/', 'Waiting for the Bus...', '89242035@N00', 'TwPhCh008', 9),
('3682885848', 'http://farm3.static.flickr.com/2603/3682885848_c2f66fa96f.jpg', 'http://www.flickr.com/photos/trondgjerde/3682885848/', 'Meet me @9', '36169054@N07', 'TwPhCh008', 11),
('3683173988', 'http://farm4.static.flickr.com/3584/3683173988_519a69db73.jpg', 'http://www.flickr.com/photos/38558130@N03/3683173988/', 'OLD TIME', '38558130@N03', 'TwPhCh008', 5),
('3683962187', 'http://farm3.static.flickr.com/2511/3683962187_09a29df6a3.jpg', 'http://www.flickr.com/photos/angel_lcd/3683962187/', 'Frozen Time', '93313386@N00', 'TwPhCh008', 8),
('3685193010', 'http://farm4.static.flickr.com/3659/3685193010_2fbfbd65fb.jpg', 'http://www.flickr.com/photos/sanne/3685193010/', 'Summerweather in Oslo', '92286274@N00', 'TwPhCh009', 10),
('3686871566', 'http://farm4.static.flickr.com/3633/3686871566_c3405d237e.jpg', 'http://www.flickr.com/photos/olemartin/3686871566/', 'Lonesome cowboy', '26238811@N00', 'TwPhCh009', 1),
('3687211150', 'http://farm3.static.flickr.com/2527/3687211150_1a43929d3e.jpg', 'http://www.flickr.com/photos/sviland/3687211150/', 'jenny+rick=sant', '35748277@N08', 'TwPhCh009', 8),
('3691600612', 'http://farm3.static.flickr.com/2587/3691600612_f348564418.jpg', 'http://www.flickr.com/photos/oter/3691600612/', 'The first day of Summer Vacation', '28745942@N05', 'TwPhCh009', 17),
('3692304237', 'http://farm3.static.flickr.com/2647/3692304237_36d9aab1e6.jpg', 'http://www.flickr.com/photos/13245830@N07/3692304237/', 'Ved steinen', '13245830@N07', 'TwPhCh009', 1),
('3692907561', 'http://farm4.static.flickr.com/3575/3692907561_203c890273.jpg', 'http://www.flickr.com/photos/oolem/3692907561/', 'star', '32724045@N05', 'TwPhCh009', 1),
('3695556254', 'http://farm3.static.flickr.com/2649/3695556254_51ecbc1aca.jpg', 'http://www.flickr.com/photos/shall_be_lifted/3695556254/', 'Holiday 2', '86436126@N00', 'TwPhCh009', 2),
('3695751646', 'http://farm4.static.flickr.com/3562/3695751646_bc6ccc7665.jpg', 'http://www.flickr.com/photos/trondgjerde/3695751646/', '22cal air @ 250m/S', '36169054@N07', 'TwPhCh009', 14),
('3697466783', 'http://farm3.static.flickr.com/2462/3697466783_2f8b5e8154.jpg', 'http://www.flickr.com/photos/velectronica/3697466783/', 'Sikker(t) på båtferie', '38797684@N05', 'TwPhCh009', 0),
('3697771704', 'http://farm3.static.flickr.com/2652/3697771704_21e1a7eb14.jpg', 'http://www.flickr.com/photos/mortenprom/3697771704/', 'Swimming With Sharks', '9168553@N05', 'TwPhCh009', 6),
('3698561362', 'http://farm4.static.flickr.com/3421/3698561362_fa0fc001bb.jpg', 'http://www.flickr.com/photos/chberge/3698561362/', 'Sunset v2', '37318693@N04', 'TwPhCh009', 14),
('3699323954', 'http://farm3.static.flickr.com/2663/3699323954_9415412c87.jpg', 'http://www.flickr.com/photos/fmmr/3699323954/', 'No fish', '64369541@N00', 'TwPhCh009', 28),
('3700416999', 'http://farm3.static.flickr.com/2448/3700416999_e95d01b494.jpg', 'http://www.flickr.com/photos/ninsvims/3700416999/', 'Ferje forbi Nakkholmen, Oslofjorden', '14731875@N00', 'TwPhCh009', 1),
('3701694049', 'http://farm4.static.flickr.com/3664/3701694049_f7e308a966.jpg', 'http://www.flickr.com/photos/vegard/3701694049/', 'Ferie', '41485178@N00', 'TwPhCh009', 2),
('3702315709', 'http://farm4.static.flickr.com/3457/3702315709_740d58b933.jpg', 'http://www.flickr.com/photos/ramyoga/3702315709/', 'Watching Movies at Night', '89242035@N00', 'TwPhCh009', 7),
('3705502660', 'http://farm4.static.flickr.com/3463/3705502660_2e4d3fcc67.jpg', 'http://www.flickr.com/photos/morellen/3705502660/', 'Vacation', '37528417@N07', 'TwPhCh009', 1),
('3705949283', 'http://farm3.static.flickr.com/2617/3705949283_ca1662e839.jpg', 'http://www.flickr.com/photos/vipspips/3705949283/', 'Fa...det er mine bær', '37127809@N04', 'TwPhCh009', 18),
('3706019175', 'http://farm3.static.flickr.com/2631/3706019175_de2bd0dcd3.jpg', 'http://www.flickr.com/photos/olastuen/3706019175/', 'summervacation', '30496535@N02', 'TwPhCh009', 3),
('3706136507', 'http://farm4.static.flickr.com/3534/3706136507_10c600d060.jpg', 'http://www.flickr.com/photos/carstenhp/3706136507/', 'Lys natt', '28002906@N02', 'TwPhCh009', 4),
('3706941258', 'http://farm3.static.flickr.com/2613/3706941258_24cccbb2a9.jpg', 'http://www.flickr.com/photos/38558130@N03/3706941258/', 'that sharp look 2', '38558130@N03', 'TwPhCh009', 7),
('3707203966', 'http://farm3.static.flickr.com/2542/3707203966_a0daa4a4a3.jpg', 'http://www.flickr.com/photos/paljoakim/3707203966/', 'Kissing in Lisbon', '10020498@N08', 'TwPhCh009', 7),
('3707253496', 'http://farm3.static.flickr.com/2446/3707253496_be574594ce.jpg', 'http://www.flickr.com/photos/h0bbel/3707253496/', 'Holiday Food (#190/365)', '65685448@N00', 'TwPhCh009', 7),
('384595718', 'http://farm1.static.flickr.com/182/384595718_751f9cddb7.jpg', 'http://www.flickr.com/photos/ruprect/384595718/', 'Leverpostej?', '99753969@N00', 'TwPhCh002', 0);

UPDATE image SET version = 0;
