TRUNCATE challenge;

INSERT INTO challenge (tag, description, start_date, voting_open_date, end_date) VALUES ("TwPhCh001", "Rødt", "2009-05-08 18:00", "2009-05-15 18:00", "2009-05-17 21:00"),
("TwPhCh002", "Mat", "2009-05-15 18:00", "2009-05-22 18:00", "2009-05-24 21:00"),
("TwPhCh003", "Rundt", "2009-05-22 18:00", "2009-05-29 18:00", "2009-05-31 21:00"),
("TwPhCh004",
"De 4 elementer: Jord, Vann, Vind, Brann", "2009-05-29 18:00", "2009-06-05 18:00", "2009-06-07 21:00"),
("TwPhCh005", "Gatelangs", "2009-06-05 18:00", "2009-06-12 18:00", "2009-06-14 21:00"),
("TwPhCh006", "Bevegelse", "2009-06-12 18:00", "2009-06-19 18:00", "2009-06-21 21:00"),
("TwPhCh007", "Kontraster", "2009-06-19 18:00", "2009-06-26 18:00", "2009-06-28 21:00"),
("TwPhCh008", "Tid", "2009-06-26 18:00", "2009-07-03 18:00", "2009-07-05 21:00"),
("TwPhCh009", "Ferie", "2009-07-03 18:00", "2009-07-10 18:00", "2009-07-12 21:00"),
("TwPhCh010", "Silhuett", "2009-07-10 18:00", "2009-07-17 18:00", "2009-07-19 21:00"),
("TwPhCh011", "Ukjent enda", "2009-07-17 18:00", "2009-07-24 18:00", "2009-07-26 21:00");

TRUNCATE photographer;

INSERT INTO photographer (flickr_id, administrator, fullname, token, username) VALUES
('13424591@N00','\0','Børge Barlindhaug',NULL,'gastronauten'),
('15032006@N00','\0','Lars Petter Larsen',NULL,'sjokoko'),
('21706038@N00','\0','Ronny-André Bendiksen',NULL,'ronny-andre'),
('22786627@N04','\0','Erlend Schei',NULL,'nerdegutt'),
('23874626@N06','\0','Espen Klem',NULL,'Espen Klem'),
('30496535@N02','\0','Fredrik Olastuen',NULL,'Olastuen'),
('35465382@N00','\0','Anders Nygaard',NULL,'Anders Nygaard'),
('36169054@N07','\0','Trond Gjerde',NULL,'Trond Gjerde'),
('36193408@N02','\0','Marius Børresen',NULL,'Marius Børresen'),
('36602246@N00','\0',NULL,NULL,'Eirik Helland Urke'),
('37127809@N04','\0','Cathrine Darre',NULL,'vipspips'),
('37350639@N04','\0','Fredrik Bølstad',NULL,'iFredrik'),
('38409860@N04','\0','Borghild Hjellestad',NULL,'boa\'s'),
('38449977@N06','\0',NULL,NULL,'Gjona'),
('40021607@N00','\0','Marcus Ramberg',NULL,'Marcus Ramberg'),
('40487223@N00','\0','Stian A. Giltvedt',NULL,'Stian A. Giltvedt'),
('43462692@N00','\0','Alexander Christoffersen',NULL,'Alexander C.'),
('45601016@N00','\0',NULL,NULL,'Per Sistens'),
('50318116@N00','\0','Helge',NULL,'Helge Carlsen'),
('58847947@N00','\0','Morten Nygaard Åsnes',NULL,'mortenaa'),
('64369541@N00','\0',NULL,NULL,'fmmr'),
('65685448@N00','\0','Christian Mohn',NULL,'h0bbel'),
('65685797@N00','\0','Oddne Rasmussen',NULL,'Oddne Rasmussen'),
('79457539@N00','\0',NULL,NULL,'Hjorthefoto'),
('8272397@N07','\1','Chris Searle',NULL,'Chris Searle'),
('9168553@N05','\0','Morten Prom',NULL,'mortenprom'),
('9933345@N05','\0',NULL,NULL,'iacob');

TRUNCATE image;

INSERT INTO image (flickr_id, medium_image, page, title, photographer_flickr_id, challenge_tag, final_vote_count) VALUES
('3494281144','http://farm4.static.flickr.com/3652/3494281144_6f0ba74060.jpg','http://www.flickr.com/photos/oddne/3494281144/','5D_IMG_5566','65685797@N00','TwPhCh001',5),
('3526461577','http://farm3.static.flickr.com/2105/3526461577_c62d30fd45.jpg','http://www.flickr.com/photos/per_sistens/3526461577/','Glass & stripes','45601016@N00','TwPhCh001',1),
('3527551293','http://farm3.static.flickr.com/2359/3527551293_83cbfda16e.jpg','http://www.flickr.com/photos/mortenprom/3527551293/','Directions','9168553@N05','TwPhCh001',14),
('3528325343','http://farm3.static.flickr.com/2274/3528325343_92a50146cf.jpg','http://www.flickr.com/photos/36193408@N02/3528325343/','Blomst','36193408@N02','TwPhCh001',0),
('3528776857','http://farm4.static.flickr.com/3571/3528776857_25fc85362e.jpg','http://www.flickr.com/photos/sjokoko/3528776857/','Crane in Red Sunset','15032006@N00','TwPhCh001',20),
('3529031477','http://farm3.static.flickr.com/2150/3529031477_ec79da8598.jpg','http://www.flickr.com/photos/helgefar/3529031477/','Rose','50318116@N00','TwPhCh001',9),
('3529583372','http://farm4.static.flickr.com/3333/3529583372_301ca1272c.jpg','http://www.flickr.com/photos/gastronauten/3529583372/','Red...','13424591@N00','TwPhCh001',47),
('3530165662','http://farm3.static.flickr.com/2406/3530165662_d6cc597439.jpg','http://www.flickr.com/photos/ifredrik/3530165662/','Red water','37350639@N04','TwPhCh001',6),
('3530936365','http://farm3.static.flickr.com/2012/3530936365_6348ebb100.jpg','http://www.flickr.com/photos/trondgjerde/3530936365/','Norwegian Constitution Day','36169054@N07','TwPhCh001',0),
('3531015741','http://farm3.static.flickr.com/2339/3531015741_1b4bed2937.jpg','http://www.flickr.com/photos/79457539@N00/3531015741/','rør','79457539@N00','TwPhCh001',12),
('3531051752','http://farm4.static.flickr.com/3066/3531051752_854f11e2f7.jpg','http://www.flickr.com/photos/nerdegutt/3531051752/','Cornered by Nikon 17-35!','22786627@N04','TwPhCh001',16),
('3531064383','http://farm3.static.flickr.com/2153/3531064383_73bb505534.jpg','http://www.flickr.com/photos/vipspips/3531064383/','Bil i trehjulsykkel','37127809@N04','TwPhCh001',4),
('3531168289','http://farm4.static.flickr.com/3543/3531168289_3aff186e0c.jpg','http://www.flickr.com/photos/marcusramberg/3531168289/','Selective red','40021607@N00','TwPhCh001',1),
('3531824906','http://farm4.static.flickr.com/3591/3531824906_36e93652c7.jpg','http://www.flickr.com/photos/h0bbel/3531824906/','Sith Beheadings (#134/365)','65685448@N00','TwPhCh001',6),
('3531911794','http://farm3.static.flickr.com/2221/3531911794_8cb5ab61f8.jpg','http://www.flickr.com/photos/38409860@N04/3531911794/','Liljebille','38409860@N04','TwPhCh001',0),
('3531933802','http://farm3.static.flickr.com/2466/3531933802_4bd6f88364.jpg','http://www.flickr.com/photos/chrissearle/3531933802/','Stop/Go','8272397@N07','TwPhCh001',1),
('3531992138','http://farm3.static.flickr.com/2263/3531992138_725c0419a9.jpg','http://www.flickr.com/photos/olastuen/3531992138/','IMG_2501','30496535@N02','TwPhCh001',0),
('3532373107','http://farm3.static.flickr.com/2216/3532373107_95cde7abdc.jpg','http://www.flickr.com/photos/fmmr/3532373107/','Flagg i tre','64369541@N00','TwPhCh001',1),
('3532442897','http://farm3.static.flickr.com/2423/3532442897_0f8bd3639e.jpg','http://www.flickr.com/photos/eklem/3532442897/','Inngjerdet graffiti','23874626@N06','TwPhCh001',7),
('3532466700','http://farm4.static.flickr.com/3389/3532466700_a881a574b3.jpg','http://www.flickr.com/photos/christoffersen/3532466700/','Pantone 186 C','43462692@N00','TwPhCh001',6),
('3532915835','http://farm3.static.flickr.com/2086/3532915835_23981615e6.jpg','http://www.flickr.com/photos/eirikurke/3532915835/','Rødt','36602246@N00','TwPhCh001',10),
('3533119681','http://farm3.static.flickr.com/2284/3533119681_69756d4351.jpg','http://www.flickr.com/photos/andersnygaard/3533119681/','Rød','35465382@N00','TwPhCh001',1),
('3533139855','http://farm3.static.flickr.com/2174/3533139855_7fb9627934.jpg','http://www.flickr.com/photos/xagits/3533139855/','Digg saft til delig sommervær','40487223@N00','TwPhCh001',0),
('3533157722','http://farm4.static.flickr.com/3664/3533157722_fbe51d153a.jpg','http://www.flickr.com/photos/58847947@N00/3533157722/','Red on blue','58847947@N00','TwPhCh001',4),
('3533546482','http://farm4.static.flickr.com/3404/3533546482_83cdb8b7e4.jpg','http://www.flickr.com/photos/iacob/3533546482/','911','9933345@N05','TwPhCh001',1),
('3533624926','http://farm3.static.flickr.com/2281/3533624926_b2aaeb962e.jpg','http://www.flickr.com/photos/38449977@N06/3533624926/','heartwindow','38449977@N06','TwPhCh001',0),
('3533729312','http://farm4.static.flickr.com/3347/3533729312_5a4b9ddb34.jpg','http://www.flickr.com/photos/ronnyandre/3533729312/','Twitter Photochallenge #1: Red','21706038@N00','TwPhCh001',2),
('3705949283','http://farm3.static.flickr.com/2617/3705949283_ca1662e839.jpg','http://www.flickr.com/photos/vipspips/3705949283/','Fa...det er mine bær','37127809@N04','TwPhCh009',0);
